[{"pk": 1, "model": "django_digest.partialdigest", "fields": {"partial_digest": "079a2163f78a3a0c8c4484762ce1fd9b", "login": "fabrol", "user": 1, "confirmed": true}}, {"pk": 2, "model": "django_digest.partialdigest", "fields": {"partial_digest": "43aebfa6c1145b330e0748fb225986ef", "login": "fabrol92@gmail.com", "user": 1, "confirmed": true}}, {"pk": 3, "model": "django_digest.partialdigest", "fields": {"partial_digest": "5a87ec17e257b5746ffef5a717813db6", "login": "test@example.com", "user": 2, "confirmed": true}}, {"pk": 4, "model": "django_digest.partialdigest", "fields": {"partial_digest": "c1462ae4a859fb7536a77afe61dfd7ac", "login": "unique1", "user": 3, "confirmed": true}}, {"pk": 5, "model": "django_digest.partialdigest", "fields": {"partial_digest": "0cfb93a2ccf9821275b7a35f91e28ab3", "login": "Health_manager", "user": 4, "confirmed": true}}, {"pk": 6, "model": "django_digest.partialdigest", "fields": {"partial_digest": "0109bd3e2b435fed469a28fc4ff245d1", "login": "health_manager", "user": 4, "confirmed": true}}, {"pk": 7, "model": "django_digest.partialdigest", "fields": {"partial_digest": "43aebfa6c1145b330e0748fb225986ef", "login": "fabrol92@gmail.com", "user": 4, "confirmed": true}}, {"pk": 8, "model": "django_digest.partialdigest", "fields": {"partial_digest": "167c18eff70a3fd9df7bdc321cfcb6be", "login": "Wealth_manager", "user": 5, "confirmed": true}}, {"pk": 9, "model": "django_digest.partialdigest", "fields": {"partial_digest": "43aebfa6c1145b330e0748fb225986ef", "login": "fabrol92@gmail.com", "user": 5, "confirmed": true}}, {"pk": 10, "model": "django_digest.partialdigest", "fields": {"partial_digest": "4006308461a2b02ae48d925b3feea5b3", "login": "wealth_manager", "user": 5, "confirmed": true}}, {"pk": 1, "model": "rapidsms.backend", "fields": {"name": "yo6700"}}, {"pk": 2, "model": "rapidsms.backend", "fields": {"name": "message_tester"}}, {"pk": 3, "model": "rapidsms.backend", "fields": {"name": "console"}}, {"pk": 1, "model": "rapidsms.app", "fields": {"active": false, "module": "djtables"}}, {"pk": 2, "model": "rapidsms.app", "fields": {"active": false, "module": "mptt"}}, {"pk": 3, "model": "rapidsms.app", "fields": {"active": false, "module": "uni_form"}}, {"pk": 4, "model": "rapidsms.app", "fields": {"active": false, "module": "django_extensions"}}, {"pk": 5, "model": "rapidsms.app", "fields": {"active": false, "module": "django_digest"}}, {"pk": 6, "model": "rapidsms.app", "fields": {"active": false, "module": "django_nose"}}, {"pk": 7, "model": "rapidsms.app", "fields": {"active": false, "module": "kit"}}, {"pk": 8, "model": "rapidsms.app", "fields": {"active": false, "module": "kit.excel.upload"}}, {"pk": 9, "model": "rapidsms.app", "fields": {"active": false, "module": "kit.excel.export"}}, {"pk": 10, "model": "rapidsms.app", "fields": {"active": false, "module": "rapidsms"}}, {"pk": 11, "model": "rapidsms.app", "fields": {"active": false, "module": "rapidsms.contrib.handlers"}}, {"pk": 12, "model": "rapidsms.app", "fields": {"active": false, "module": "rapidsms.contrib.locations"}}, {"pk": 13, "model": "rapidsms.app", "fields": {"active": false, "module": "rapidsms.contrib.locations.nested"}}, {"pk": 14, "model": "rapidsms.app", "fields": {"active": false, "module": "rapidsms.contrib.default"}}, {"pk": 15, "model": "rapidsms.app", "fields": {"active": false, "module": "django.contrib.auth"}}, {"pk": 16, "model": "rapidsms.app", "fields": {"active": false, "module": "django.contrib.admin"}}, {"pk": 17, "model": "rapidsms.app", "fields": {"active": false, "module": "django.contrib.sessions"}}, {"pk": 18, "model": "rapidsms.app", "fields": {"active": false, "module": "django.contrib.contenttypes"}}, {"pk": 19, "model": "rapidsms.app", "fields": {"active": false, "module": "django.contrib.sites"}}, {"pk": 20, "model": "rapidsms.app", "fields": {"active": false, "module": "django.contrib.humanize"}}, {"pk": 21, "model": "rapidsms.app", "fields": {"active": false, "module": "eav"}}, {"pk": 22, "model": "rapidsms.app", "fields": {"active": false, "module": "rapidsms_xforms"}}, {"pk": 23, "model": "rapidsms.app", "fields": {"active": false, "module": "auth"}}, {"pk": 24, "model": "rapidsms.app", "fields": {"active": false, "module": "contact"}}, {"pk": 25, "model": "rapidsms.app", "fields": {"active": false, "module": "rapidsms_httprouter"}}, {"pk": 26, "model": "rapidsms.app", "fields": {"active": false, "module": "poll"}}, {"pk": 27, "model": "rapidsms.app", "fields": {"active": false, "module": "generic"}}, {"pk": 28, "model": "rapidsms.app", "fields": {"active": false, "module": "generic.reporting"}}, {"pk": 29, "model": "rapidsms.app", "fields": {"active": false, "module": "uganda_common"}}, {"pk": 30, "model": "rapidsms.app", "fields": {"active": false, "module": "script"}}, {"pk": 3, "model": "rapidsms.connection", "fields": {"contact": null, "identity": "12065551212", "backend": 3}}, {"pk": 4, "model": "rapidsms.connection", "fields": {"contact": null, "identity": "256322312322", "backend": 3}}, {"pk": 5, "model": "rapidsms.connection", "fields": {"contact": 1, "identity": "2561111", "backend": 1}}, {"pk": 6, "model": "rapidsms.connection", "fields": {"contact": 2, "identity": "2562222", "backend": 3}}, {"pk": 7, "model": "rapidsms.connection", "fields": {"contact": null, "identity": "2561111", "backend": 3}}, {"pk": 8, "model": "rapidsms.connection", "fields": {"contact": null, "identity": "sir1", "backend": 3}}, {"pk": 9, "model": "rapidsms.connection", "fields": {"contact": null, "identity": "8123123", "backend": 3}}, {"pk": 10, "model": "rapidsms.connection", "fields": {"contact": 3, "identity": "2563333", "backend": 3}}, {"pk": "country", "model": "locations.locationtype", "fields": {"name": "Country"}}, {"pk": "state", "model": "locations.locationtype", "fields": {"name": "State"}}, {"pk": "city", "model": "locations.locationtype", "fields": {"name": "City"}}, {"pk": "region", "model": "locations.locationtype", "fields": {"name": "Region"}}, {"pk": "district", "model": "locations.locationtype", "fields": {"name": "District"}}, {"pk": "arrondissement", "model": "locations.locationtype", "fields": {"name": "Arrondissement"}}, {"pk": "fokontany", "model": "locations.locationtype", "fields": {"name": "Fokontany"}}, {"pk": "hammeau", "model": "locations.locationtype", "fields": {"name": "Hammeau"}}, {"pk": "2dcdf7bfb841b002a2c1b9e35ee21428", "model": "sessions.session", "fields": {"expire_date": "2012-07-04 16:17:16", "session_data": "MjczOTU2NmJhMGY3Mjk0OTVhNWUxYzgxMzNiOTEzYTM2MmNkOTIzYjqAAn1xAShYGwAAAC9pbmRp\nY2F0b3JzL19maWx0ZXJfcmVxdWVzdE5YGAAAAC9yZXBvcnRzL19maWx0ZXJfcmVxdWVzdE5VDV9h\ndXRoX3VzZXJfaWRLAVgaAAAAL2xvY2F0aW9ucy9fZmlsdGVyX3JlcXVlc3ROVRJfYXV0aF91c2Vy\nX2JhY2tlbmRVKWRqYW5nby5jb250cmliLmF1dGguYmFja2VuZHMuTW9kZWxCYWNrZW5kWBYAAAAv\ndXNlcnMvX2ZpbHRlcl9yZXF1ZXN0TlgfAAAAL3JlcG9ydHMvMS92aWV3L19maWx0ZXJfcmVxdWVz\ndE51Lg==\n"}}, {"pk": "443069733d8a683c6e39bf3de7efaa21", "model": "sessions.session", "fields": {"expire_date": "2012-07-09 12:17:01", "session_data": "ZmZiY2Y0YTM3YmRjMDcwNDRkZDRhZGJjODU1ZjliMWY4NTAyYzZlMTqAAn1xAShVDV9hdXRoX3Vz\nZXJfaWRLAVUSX2F1dGhfdXNlcl9iYWNrZW5kVSlkamFuZ28uY29udHJpYi5hdXRoLmJhY2tlbmRz\nLk1vZGVsQmFja2VuZHECdS4=\n"}}, {"pk": 9, "model": "contenttypes.contenttype", "fields": {"model": "app", "name": "app", "app_label": "rapidsms"}}, {"pk": 25, "model": "contenttypes.contenttype", "fields": {"model": "attribute", "name": "attribute", "app_label": "eav"}}, {"pk": 8, "model": "contenttypes.contenttype", "fields": {"model": "backend", "name": "backend", "app_label": "rapidsms"}}, {"pk": 32, "model": "contenttypes.contenttype", "fields": {"model": "binaryvalue", "name": "binary value", "app_label": "rapidsms_xforms"}}, {"pk": 40, "model": "contenttypes.contenttype", "fields": {"model": "category", "name": "category", "app_label": "poll"}}, {"pk": 3, "model": "contenttypes.contenttype", "fields": {"model": "config", "name": "config", "app_label": "kit"}}, {"pk": 11, "model": "contenttypes.contenttype", "fields": {"model": "connection", "name": "connection", "app_label": "rapidsms"}}, {"pk": 10, "model": "contenttypes.contenttype", "fields": {"model": "contact", "name": "contact", "app_label": "rapidsms"}}, {"pk": 21, "model": "contenttypes.contenttype", "fields": {"model": "contenttype", "name": "content type", "app_label": "contenttypes"}}, {"pk": 44, "model": "contenttypes.contenttype", "fields": {"model": "dashboard", "name": "dashboard", "app_label": "generic"}}, {"pk": 53, "model": "contenttypes.contenttype", "fields": {"model": "email", "name": "email", "app_label": "script"}}, {"pk": 28, "model": "contenttypes.contenttype", "fields": {"model": "encounter", "name": "encounter", "app_label": "eav"}}, {"pk": 24, "model": "contenttypes.contenttype", "fields": {"model": "enumgroup", "name": "enum group", "app_label": "eav"}}, {"pk": 23, "model": "contenttypes.contenttype", "fields": {"model": "enumvalue", "name": "enum value", "app_label": "eav"}}, {"pk": 34, "model": "contenttypes.contenttype", "fields": {"model": "flag", "name": "flag", "app_label": "contact"}}, {"pk": 16, "model": "contenttypes.contenttype", "fields": {"model": "group", "name": "group", "app_label": "auth"}}, {"pk": 7, "model": "contenttypes.contenttype", "fields": {"model": "indicator", "name": "indicator", "app_label": "kit"}}, {"pk": 14, "model": "contenttypes.contenttype", "fields": {"model": "location", "name": "location", "app_label": "locations"}}, {"pk": 13, "model": "contenttypes.contenttype", "fields": {"model": "locationtype", "name": "location type", "app_label": "locations"}}, {"pk": 19, "model": "contenttypes.contenttype", "fields": {"model": "logentry", "name": "log entry", "app_label": "admin"}}, {"pk": 33, "model": "contenttypes.contenttype", "fields": {"model": "masstext", "name": "mass text", "app_label": "contact"}}, {"pk": 18, "model": "contenttypes.contenttype", "fields": {"model": "message", "name": "message", "app_label": "auth"}}, {"pk": 37, "model": "contenttypes.contenttype", "fields": {"model": "message", "name": "message", "app_label": "rapidsms_httprouter"}}, {"pk": 36, "model": "contenttypes.contenttype", "fields": {"model": "messagebatch", "name": "message batch", "app_label": "rapidsms_httprouter"}}, {"pk": 35, "model": "contenttypes.contenttype", "fields": {"model": "messageflag", "name": "message flag", "app_label": "contact"}}, {"pk": 45, "model": "contenttypes.contenttype", "fields": {"model": "module", "name": "module", "app_label": "generic"}}, {"pk": 46, "model": "contenttypes.contenttype", "fields": {"model": "moduleparams", "name": "module params", "app_label": "generic"}}, {"pk": 2, "model": "contenttypes.contenttype", "fields": {"model": "partialdigest", "name": "partial digest", "app_label": "django_digest"}}, {"pk": 27, "model": "contenttypes.contenttype", "fields": {"model": "patient", "name": "patient", "app_label": "eav"}}, {"pk": 15, "model": "contenttypes.contenttype", "fields": {"model": "permission", "name": "permission", "app_label": "auth"}}, {"pk": 12, "model": "contenttypes.contenttype", "fields": {"model": "point", "name": "point", "app_label": "locations"}}, {"pk": 39, "model": "contenttypes.contenttype", "fields": {"model": "poll", "name": "poll", "app_label": "poll"}}, {"pk": 6, "model": "contenttypes.contenttype", "fields": {"model": "report", "name": "report", "app_label": "kit"}}, {"pk": 41, "model": "contenttypes.contenttype", "fields": {"model": "response", "name": "response", "app_label": "poll"}}, {"pk": 38, "model": "contenttypes.contenttype", "fields": {"model": "responsecategory", "name": "response category", "app_label": "poll"}}, {"pk": 42, "model": "contenttypes.contenttype", "fields": {"model": "rule", "name": "rule", "app_label": "poll"}}, {"pk": 48, "model": "contenttypes.contenttype", "fields": {"model": "script", "name": "script", "app_label": "script"}}, {"pk": 50, "model": "contenttypes.contenttype", "fields": {"model": "scriptprogress", "name": "script progress", "app_label": "script"}}, {"pk": 52, "model": "contenttypes.contenttype", "fields": {"model": "scriptresponse", "name": "script response", "app_label": "script"}}, {"pk": 51, "model": "contenttypes.contenttype", "fields": {"model": "scriptsession", "name": "script session", "app_label": "script"}}, {"pk": 49, "model": "contenttypes.contenttype", "fields": {"model": "scriptstep", "name": "script step", "app_label": "script"}}, {"pk": 20, "model": "contenttypes.contenttype", "fields": {"model": "session", "name": "session", "app_label": "sessions"}}, {"pk": 22, "model": "contenttypes.contenttype", "fields": {"model": "site", "name": "site", "app_label": "sites"}}, {"pk": 47, "model": "contenttypes.contenttype", "fields": {"model": "staticmodulecontent", "name": "static module content", "app_label": "generic"}}, {"pk": 43, "model": "contenttypes.contenttype", "fields": {"model": "translation", "name": "translation", "app_label": "poll"}}, {"pk": 17, "model": "contenttypes.contenttype", "fields": {"model": "user", "name": "user", "app_label": "auth"}}, {"pk": 1, "model": "contenttypes.contenttype", "fields": {"model": "usernonce", "name": "user nonce", "app_label": "django_digest"}}, {"pk": 26, "model": "contenttypes.contenttype", "fields": {"model": "value", "name": "value", "app_label": "eav"}}, {"pk": 4, "model": "contenttypes.contenttype", "fields": {"model": "xform", "name": "x form", "app_label": "rapidsms_xforms"}}, {"pk": 5, "model": "contenttypes.contenttype", "fields": {"model": "xformfield", "name": "x form field", "app_label": "rapidsms_xforms"}}, {"pk": 29, "model": "contenttypes.contenttype", "fields": {"model": "xformfieldconstraint", "name": "x form field constraint", "app_label": "rapidsms_xforms"}}, {"pk": 30, "model": "contenttypes.contenttype", "fields": {"model": "xformsubmission", "name": "x form submission", "app_label": "rapidsms_xforms"}}, {"pk": 31, "model": "contenttypes.contenttype", "fields": {"model": "xformsubmissionvalue", "name": "x form submission value", "app_label": "rapidsms_xforms"}}, {"pk": 1, "model": "sites.site", "fields": {"domain": "example.com", "name": "example.com"}}, {"pk": 3, "model": "eav.attribute", "fields": {"description": "A response value for a Poll with expected location-based responses", "created": "2012-06-20 13:09:46", "datatype": "object", "enum_group": null, "required": false, "site": 1, "modified": "2012-06-20 13:09:46", "type": null, "slug": "poll_location_value", "name": "Location"}}, {"pk": 4, "model": "eav.attribute", "fields": {"description": "The location associated with a particular contact", "created": "2012-06-20 13:09:46", "datatype": "object", "enum_group": null, "required": false, "site": 1, "modified": "2012-06-20 13:09:46", "type": null, "slug": "contact_location", "name": "Location"}}, {"pk": 1, "model": "eav.attribute", "fields": {"description": "A response value for a Poll with expected numeric responses", "created": "2012-06-20 13:09:46", "datatype": "float", "enum_group": null, "required": false, "site": 1, "modified": "2012-06-20 13:09:46", "type": null, "slug": "poll_number_value", "name": "Number"}}, {"pk": 2, "model": "eav.attribute", "fields": {"description": "A response value for a Poll with expected text responses", "created": "2012-06-20 13:09:46", "datatype": "text", "enum_group": null, "required": false, "site": 1, "modified": "2012-06-20 13:09:46", "type": null, "slug": "poll_text_value", "name": "Text"}}, {"pk": 8, "model": "eav.attribute", "fields": {"description": "somthing", "created": "2012-06-22 10:11:09", "datatype": "int", "enum_group": null, "required": false, "site": 1, "modified": "2012-06-22 10:11:09", "type": null, "slug": "sani_no", "name": "number"}}, {"pk": 9, "model": "eav.attribute", "fields": {"description": "som", "created": "2012-06-22 10:11:20", "datatype": "int", "enum_group": null, "required": false, "site": 1, "modified": "2012-06-22 10:11:20", "type": null, "slug": "sani_no2", "name": "number 1"}}, {"pk": 18, "model": "eav.value", "fields": {"value_date": null, "value_text": null, "entity_id": 15, "value_float": null, "generic_value_ct": null, "created": "2012-06-22 10:11:50", "value_bool": null, "attribute": 8, "modified": "2012-06-22 10:11:50", "entity_ct": 30, "value_enum": null, "generic_value_id": null, "value_int": 4}}, {"pk": 19, "model": "eav.value", "fields": {"value_date": null, "value_text": null, "entity_id": 15, "value_float": null, "generic_value_ct": null, "created": "2012-06-22 10:11:50", "value_bool": null, "attribute": 9, "modified": "2012-06-22 10:11:50", "entity_ct": 30, "value_enum": null, "generic_value_id": null, "value_int": 6}}, {"pk": 20, "model": "eav.value", "fields": {"value_date": null, "value_text": null, "entity_id": 16, "value_float": null, "generic_value_ct": null, "created": "2012-06-22 10:12:56", "value_bool": null, "attribute": 8, "modified": "2012-06-22 10:12:56", "entity_ct": 30, "value_enum": null, "generic_value_id": null, "value_int": 3}}, {"pk": 21, "model": "eav.value", "fields": {"value_date": null, "value_text": null, "entity_id": 16, "value_float": null, "generic_value_ct": null, "created": "2012-06-22 10:12:56", "value_bool": null, "attribute": 9, "modified": "2012-06-22 10:12:56", "entity_ct": 30, "value_enum": null, "generic_value_id": null, "value_int": 7}}, {"pk": 3, "model": "rapidsms_xforms.xform", "fields": {"name": "Monthy Sanitation Report", "keyword": "sani", "created": "2012-06-22 10:10:58", "restrict_message": "only people from this NGO", "modified": "2012-06-22 11:34:04", "site": 1, "owner": 1, "separator": "", "restrict_to": [1, 2], "active": true, "command_prefix": "+", "response": "Thanks you for the response", "keyword_prefix": null, "description": "testing export"}}, {"pk": 8, "model": "rapidsms_xforms.xformfield", "fields": {"field_type": "int", "question": null, "command": "no", "order": 0, "xform": 3}}, {"pk": 9, "model": "rapidsms_xforms.xformfield", "fields": {"field_type": "int", "question": null, "command": "no2", "order": 1, "xform": 3}}, {"pk": 15, "model": "rapidsms_xforms.xformsubmission", "fields": {"created": "2012-06-22 10:11:50", "has_errors": false, "raw": "sani 4 6", "connection": 6, "confirmation_id": 1, "message": 35, "type": "sms", "approved": false, "xform": 3}}, {"pk": 16, "model": "rapidsms_xforms.xformsubmission", "fields": {"created": "2012-06-22 10:12:56", "has_errors": false, "raw": "sani 3 7", "connection": 10, "confirmation_id": 2, "message": 37, "type": "sms", "approved": true, "xform": 3}}, {"pk": 18, "model": "rapidsms_xforms.xformsubmissionvalue", "fields": {"submission": 15}}, {"pk": 19, "model": "rapidsms_xforms.xformsubmissionvalue", "fields": {"submission": 15}}, {"pk": 20, "model": "rapidsms_xforms.xformsubmissionvalue", "fields": {"submission": 16}}, {"pk": 21, "model": "rapidsms_xforms.xformsubmissionvalue", "fields": {"submission": 16}}, {"pk": 49, "model": "auth.permission", "fields": {"codename": "add_logentry", "name": "Can add log entry", "content_type": 19}}, {"pk": 50, "model": "auth.permission", "fields": {"codename": "change_logentry", "name": "Can change log entry", "content_type": 19}}, {"pk": 51, "model": "auth.permission", "fields": {"codename": "delete_logentry", "name": "Can delete log entry", "content_type": 19}}, {"pk": 40, "model": "auth.permission", "fields": {"codename": "add_group", "name": "Can add group", "content_type": 16}}, {"pk": 41, "model": "auth.permission", "fields": {"codename": "change_group", "name": "Can change group", "content_type": 16}}, {"pk": 42, "model": "auth.permission", "fields": {"codename": "delete_group", "name": "Can delete group", "content_type": 16}}, {"pk": 46, "model": "auth.permission", "fields": {"codename": "add_message", "name": "Can add message", "content_type": 18}}, {"pk": 47, "model": "auth.permission", "fields": {"codename": "change_message", "name": "Can change message", "content_type": 18}}, {"pk": 48, "model": "auth.permission", "fields": {"codename": "delete_message", "name": "Can delete message", "content_type": 18}}, {"pk": 37, "model": "auth.permission", "fields": {"codename": "add_permission", "name": "Can add permission", "content_type": 15}}, {"pk": 38, "model": "auth.permission", "fields": {"codename": "change_permission", "name": "Can change permission", "content_type": 15}}, {"pk": 39, "model": "auth.permission", "fields": {"codename": "delete_permission", "name": "Can delete permission", "content_type": 15}}, {"pk": 43, "model": "auth.permission", "fields": {"codename": "add_user", "name": "Can add user", "content_type": 17}}, {"pk": 44, "model": "auth.permission", "fields": {"codename": "change_user", "name": "Can change user", "content_type": 17}}, {"pk": 45, "model": "auth.permission", "fields": {"codename": "delete_user", "name": "Can delete user", "content_type": 17}}, {"pk": 101, "model": "auth.permission", "fields": {"codename": "add_flag", "name": "Can add flag", "content_type": 34}}, {"pk": 102, "model": "auth.permission", "fields": {"codename": "change_flag", "name": "Can change flag", "content_type": 34}}, {"pk": 103, "model": "auth.permission", "fields": {"codename": "delete_flag", "name": "Can delete flag", "content_type": 34}}, {"pk": 97, "model": "auth.permission", "fields": {"codename": "add_masstext", "name": "Can add mass text", "content_type": 33}}, {"pk": 100, "model": "auth.permission", "fields": {"codename": "can_message", "name": "Can send messages, create polls, etc", "content_type": 33}}, {"pk": 98, "model": "auth.permission", "fields": {"codename": "change_masstext", "name": "Can change mass text", "content_type": 33}}, {"pk": 99, "model": "auth.permission", "fields": {"codename": "delete_masstext", "name": "Can delete mass text", "content_type": 33}}, {"pk": 104, "model": "auth.permission", "fields": {"codename": "add_messageflag", "name": "Can add message flag", "content_type": 35}}, {"pk": 105, "model": "auth.permission", "fields": {"codename": "change_messageflag", "name": "Can change message flag", "content_type": 35}}, {"pk": 106, "model": "auth.permission", "fields": {"codename": "delete_messageflag", "name": "Can delete message flag", "content_type": 35}}, {"pk": 55, "model": "auth.permission", "fields": {"codename": "add_contenttype", "name": "Can add content type", "content_type": 21}}, {"pk": 56, "model": "auth.permission", "fields": {"codename": "change_contenttype", "name": "Can change content type", "content_type": 21}}, {"pk": 57, "model": "auth.permission", "fields": {"codename": "delete_contenttype", "name": "Can delete content type", "content_type": 21}}, {"pk": 4, "model": "auth.permission", "fields": {"codename": "add_partialdigest", "name": "Can add partial digest", "content_type": 2}}, {"pk": 5, "model": "auth.permission", "fields": {"codename": "change_partialdigest", "name": "Can change partial digest", "content_type": 2}}, {"pk": 6, "model": "auth.permission", "fields": {"codename": "delete_partialdigest", "name": "Can delete partial digest", "content_type": 2}}, {"pk": 1, "model": "auth.permission", "fields": {"codename": "add_usernonce", "name": "Can add user nonce", "content_type": 1}}, {"pk": 2, "model": "auth.permission", "fields": {"codename": "change_usernonce", "name": "Can change user nonce", "content_type": 1}}, {"pk": 3, "model": "auth.permission", "fields": {"codename": "delete_usernonce", "name": "Can delete user nonce", "content_type": 1}}, {"pk": 67, "model": "auth.permission", "fields": {"codename": "add_attribute", "name": "Can add attribute", "content_type": 25}}, {"pk": 68, "model": "auth.permission", "fields": {"codename": "change_attribute", "name": "Can change attribute", "content_type": 25}}, {"pk": 69, "model": "auth.permission", "fields": {"codename": "delete_attribute", "name": "Can delete attribute", "content_type": 25}}, {"pk": 76, "model": "auth.permission", "fields": {"codename": "add_encounter", "name": "Can add encounter", "content_type": 28}}, {"pk": 77, "model": "auth.permission", "fields": {"codename": "change_encounter", "name": "Can change encounter", "content_type": 28}}, {"pk": 78, "model": "auth.permission", "fields": {"codename": "delete_encounter", "name": "Can delete encounter", "content_type": 28}}, {"pk": 64, "model": "auth.permission", "fields": {"codename": "add_enumgroup", "name": "Can add enum group", "content_type": 24}}, {"pk": 65, "model": "auth.permission", "fields": {"codename": "change_enumgroup", "name": "Can change enum group", "content_type": 24}}, {"pk": 66, "model": "auth.permission", "fields": {"codename": "delete_enumgroup", "name": "Can delete enum group", "content_type": 24}}, {"pk": 61, "model": "auth.permission", "fields": {"codename": "add_enumvalue", "name": "Can add enum value", "content_type": 23}}, {"pk": 62, "model": "auth.permission", "fields": {"codename": "change_enumvalue", "name": "Can change enum value", "content_type": 23}}, {"pk": 63, "model": "auth.permission", "fields": {"codename": "delete_enumvalue", "name": "Can delete enum value", "content_type": 23}}, {"pk": 73, "model": "auth.permission", "fields": {"codename": "add_patient", "name": "Can add patient", "content_type": 27}}, {"pk": 74, "model": "auth.permission", "fields": {"codename": "change_patient", "name": "Can change patient", "content_type": 27}}, {"pk": 75, "model": "auth.permission", "fields": {"codename": "delete_patient", "name": "Can delete patient", "content_type": 27}}, {"pk": 70, "model": "auth.permission", "fields": {"codename": "add_value", "name": "Can add value", "content_type": 26}}, {"pk": 71, "model": "auth.permission", "fields": {"codename": "change_value", "name": "Can change value", "content_type": 26}}, {"pk": 72, "model": "auth.permission", "fields": {"codename": "delete_value", "name": "Can delete value", "content_type": 26}}, {"pk": 133, "model": "auth.permission", "fields": {"codename": "add_dashboard", "name": "Can add dashboard", "content_type": 44}}, {"pk": 134, "model": "auth.permission", "fields": {"codename": "change_dashboard", "name": "Can change dashboard", "content_type": 44}}, {"pk": 135, "model": "auth.permission", "fields": {"codename": "delete_dashboard", "name": "Can delete dashboard", "content_type": 44}}, {"pk": 136, "model": "auth.permission", "fields": {"codename": "publish_dashboard", "name": "Can publish dashboards", "content_type": 44}}, {"pk": 137, "model": "auth.permission", "fields": {"codename": "add_module", "name": "Can add module", "content_type": 45}}, {"pk": 138, "model": "auth.permission", "fields": {"codename": "change_module", "name": "Can change module", "content_type": 45}}, {"pk": 139, "model": "auth.permission", "fields": {"codename": "delete_module", "name": "Can delete module", "content_type": 45}}, {"pk": 140, "model": "auth.permission", "fields": {"codename": "add_moduleparams", "name": "Can add module params", "content_type": 46}}, {"pk": 141, "model": "auth.permission", "fields": {"codename": "change_moduleparams", "name": "Can change module params", "content_type": 46}}, {"pk": 142, "model": "auth.permission", "fields": {"codename": "delete_moduleparams", "name": "Can delete module params", "content_type": 46}}, {"pk": 143, "model": "auth.permission", "fields": {"codename": "add_staticmodulecontent", "name": "Can add static module content", "content_type": 47}}, {"pk": 144, "model": "auth.permission", "fields": {"codename": "change_staticmodulecontent", "name": "Can change static module content", "content_type": 47}}, {"pk": 145, "model": "auth.permission", "fields": {"codename": "delete_staticmodulecontent", "name": "Can delete static module content", "content_type": 47}}, {"pk": 7, "model": "auth.permission", "fields": {"codename": "add_config", "name": "Can add config", "content_type": 3}}, {"pk": 8, "model": "auth.permission", "fields": {"codename": "change_config", "name": "Can change config", "content_type": 3}}, {"pk": 9, "model": "auth.permission", "fields": {"codename": "delete_config", "name": "Can delete config", "content_type": 3}}, {"pk": 34, "model": "auth.permission", "fields": {"codename": "add_location", "name": "Can add location", "content_type": 14}}, {"pk": 35, "model": "auth.permission", "fields": {"codename": "change_location", "name": "Can change location", "content_type": 14}}, {"pk": 36, "model": "auth.permission", "fields": {"codename": "delete_location", "name": "Can delete location", "content_type": 14}}, {"pk": 31, "model": "auth.permission", "fields": {"codename": "add_locationtype", "name": "Can add location type", "content_type": 13}}, {"pk": 32, "model": "auth.permission", "fields": {"codename": "change_locationtype", "name": "Can change location type", "content_type": 13}}, {"pk": 33, "model": "auth.permission", "fields": {"codename": "delete_locationtype", "name": "Can delete location type", "content_type": 13}}, {"pk": 28, "model": "auth.permission", "fields": {"codename": "add_point", "name": "Can add point", "content_type": 12}}, {"pk": 29, "model": "auth.permission", "fields": {"codename": "change_point", "name": "Can change point", "content_type": 12}}, {"pk": 30, "model": "auth.permission", "fields": {"codename": "delete_point", "name": "Can delete point", "content_type": 12}}, {"pk": 121, "model": "auth.permission", "fields": {"codename": "add_category", "name": "Can add category", "content_type": 40}}, {"pk": 122, "model": "auth.permission", "fields": {"codename": "change_category", "name": "Can change category", "content_type": 40}}, {"pk": 123, "model": "auth.permission", "fields": {"codename": "delete_category", "name": "Can delete category", "content_type": 40}}, {"pk": 116, "model": "auth.permission", "fields": {"codename": "add_poll", "name": "Can add poll", "content_type": 39}}, {"pk": 120, "model": "auth.permission", "fields": {"codename": "can_edit_poll", "name": "Can edit poll rules, categories, and responses", "content_type": 39}}, {"pk": 119, "model": "auth.permission", "fields": {"codename": "can_poll", "name": "Can send polls", "content_type": 39}}, {"pk": 117, "model": "auth.permission", "fields": {"codename": "change_poll", "name": "Can change poll", "content_type": 39}}, {"pk": 118, "model": "auth.permission", "fields": {"codename": "delete_poll", "name": "Can delete poll", "content_type": 39}}, {"pk": 124, "model": "auth.permission", "fields": {"codename": "add_response", "name": "Can add response", "content_type": 41}}, {"pk": 125, "model": "auth.permission", "fields": {"codename": "change_response", "name": "Can change response", "content_type": 41}}, {"pk": 126, "model": "auth.permission", "fields": {"codename": "delete_response", "name": "Can delete response", "content_type": 41}}, {"pk": 113, "model": "auth.permission", "fields": {"codename": "add_responsecategory", "name": "Can add response category", "content_type": 38}}, {"pk": 114, "model": "auth.permission", "fields": {"codename": "change_responsecategory", "name": "Can change response category", "content_type": 38}}, {"pk": 115, "model": "auth.permission", "fields": {"codename": "delete_responsecategory", "name": "Can delete response category", "content_type": 38}}, {"pk": 127, "model": "auth.permission", "fields": {"codename": "add_rule", "name": "Can add rule", "content_type": 42}}, {"pk": 128, "model": "auth.permission", "fields": {"codename": "change_rule", "name": "Can change rule", "content_type": 42}}, {"pk": 129, "model": "auth.permission", "fields": {"codename": "delete_rule", "name": "Can delete rule", "content_type": 42}}, {"pk": 130, "model": "auth.permission", "fields": {"codename": "add_translation", "name": "Can add translation", "content_type": 43}}, {"pk": 131, "model": "auth.permission", "fields": {"codename": "change_translation", "name": "Can change translation", "content_type": 43}}, {"pk": 132, "model": "auth.permission", "fields": {"codename": "delete_translation", "name": "Can delete translation", "content_type": 43}}, {"pk": 19, "model": "auth.permission", "fields": {"codename": "add_app", "name": "Can add app", "content_type": 9}}, {"pk": 20, "model": "auth.permission", "fields": {"codename": "change_app", "name": "Can change app", "content_type": 9}}, {"pk": 21, "model": "auth.permission", "fields": {"codename": "delete_app", "name": "Can delete app", "content_type": 9}}, {"pk": 16, "model": "auth.permission", "fields": {"codename": "add_backend", "name": "Can add backend", "content_type": 8}}, {"pk": 17, "model": "auth.permission", "fields": {"codename": "change_backend", "name": "Can change backend", "content_type": 8}}, {"pk": 18, "model": "auth.permission", "fields": {"codename": "delete_backend", "name": "Can delete backend", "content_type": 8}}, {"pk": 25, "model": "auth.permission", "fields": {"codename": "add_connection", "name": "Can add connection", "content_type": 11}}, {"pk": 26, "model": "auth.permission", "fields": {"codename": "change_connection", "name": "Can change connection", "content_type": 11}}, {"pk": 27, "model": "auth.permission", "fields": {"codename": "delete_connection", "name": "Can delete connection", "content_type": 11}}, {"pk": 22, "model": "auth.permission", "fields": {"codename": "add_contact", "name": "Can add contact", "content_type": 10}}, {"pk": 23, "model": "auth.permission", "fields": {"codename": "change_contact", "name": "Can change contact", "content_type": 10}}, {"pk": 24, "model": "auth.permission", "fields": {"codename": "delete_contact", "name": "Can delete contact", "content_type": 10}}, {"pk": 110, "model": "auth.permission", "fields": {"codename": "add_message", "name": "Can add message", "content_type": 37}}, {"pk": 111, "model": "auth.permission", "fields": {"codename": "change_message", "name": "Can change message", "content_type": 37}}, {"pk": 112, "model": "auth.permission", "fields": {"codename": "delete_message", "name": "Can delete message", "content_type": 37}}, {"pk": 107, "model": "auth.permission", "fields": {"codename": "add_messagebatch", "name": "Can add message batch", "content_type": 36}}, {"pk": 108, "model": "auth.permission", "fields": {"codename": "change_messagebatch", "name": "Can change message batch", "content_type": 36}}, {"pk": 109, "model": "auth.permission", "fields": {"codename": "delete_messagebatch", "name": "Can delete message batch", "content_type": 36}}, {"pk": 94, "model": "auth.permission", "fields": {"codename": "add_binaryvalue", "name": "Can add binary value", "content_type": 32}}, {"pk": 95, "model": "auth.permission", "fields": {"codename": "change_binaryvalue", "name": "Can change binary value", "content_type": 32}}, {"pk": 96, "model": "auth.permission", "fields": {"codename": "delete_binaryvalue", "name": "Can delete binary value", "content_type": 32}}, {"pk": 10, "model": "auth.permission", "fields": {"codename": "add_report", "name": "Can add report", "content_type": 4}}, {"pk": 79, "model": "auth.permission", "fields": {"codename": "add_xform", "name": "Can add x form", "content_type": 4}}, {"pk": 11, "model": "auth.permission", "fields": {"codename": "change_report", "name": "Can change report", "content_type": 4}}, {"pk": 80, "model": "auth.permission", "fields": {"codename": "change_xform", "name": "Can change x form", "content_type": 4}}, {"pk": 12, "model": "auth.permission", "fields": {"codename": "delete_report", "name": "Can delete report", "content_type": 4}}, {"pk": 81, "model": "auth.permission", "fields": {"codename": "delete_xform", "name": "Can delete x form", "content_type": 4}}, {"pk": 13, "model": "auth.permission", "fields": {"codename": "add_indicator", "name": "Can add indicator", "content_type": 5}}, {"pk": 82, "model": "auth.permission", "fields": {"codename": "add_xformfield", "name": "Can add x form field", "content_type": 5}}, {"pk": 14, "model": "auth.permission", "fields": {"codename": "change_indicator", "name": "Can change indicator", "content_type": 5}}, {"pk": 83, "model": "auth.permission", "fields": {"codename": "change_xformfield", "name": "Can change x form field", "content_type": 5}}, {"pk": 15, "model": "auth.permission", "fields": {"codename": "delete_indicator", "name": "Can delete indicator", "content_type": 5}}, {"pk": 84, "model": "auth.permission", "fields": {"codename": "delete_xformfield", "name": "Can delete x form field", "content_type": 5}}, {"pk": 85, "model": "auth.permission", "fields": {"codename": "add_xformfieldconstraint", "name": "Can add x form field constraint", "content_type": 29}}, {"pk": 86, "model": "auth.permission", "fields": {"codename": "change_xformfieldconstraint", "name": "Can change x form field constraint", "content_type": 29}}, {"pk": 87, "model": "auth.permission", "fields": {"codename": "delete_xformfieldconstraint", "name": "Can delete x form field constraint", "content_type": 29}}, {"pk": 88, "model": "auth.permission", "fields": {"codename": "add_xformsubmission", "name": "Can add x form submission", "content_type": 30}}, {"pk": 89, "model": "auth.permission", "fields": {"codename": "change_xformsubmission", "name": "Can change x form submission", "content_type": 30}}, {"pk": 90, "model": "auth.permission", "fields": {"codename": "delete_xformsubmission", "name": "Can delete x form submission", "content_type": 30}}, {"pk": 91, "model": "auth.permission", "fields": {"codename": "add_xformsubmissionvalue", "name": "Can add x form submission value", "content_type": 31}}, {"pk": 92, "model": "auth.permission", "fields": {"codename": "change_xformsubmissionvalue", "name": "Can change x form submission value", "content_type": 31}}, {"pk": 93, "model": "auth.permission", "fields": {"codename": "delete_xformsubmissionvalue", "name": "Can delete x form submission value", "content_type": 31}}, {"pk": 161, "model": "auth.permission", "fields": {"codename": "add_email", "name": "Can add email", "content_type": 53}}, {"pk": 162, "model": "auth.permission", "fields": {"codename": "change_email", "name": "Can change email", "content_type": 53}}, {"pk": 163, "model": "auth.permission", "fields": {"codename": "delete_email", "name": "Can delete email", "content_type": 53}}, {"pk": 146, "model": "auth.permission", "fields": {"codename": "add_script", "name": "Can add script", "content_type": 48}}, {"pk": 147, "model": "auth.permission", "fields": {"codename": "change_script", "name": "Can change script", "content_type": 48}}, {"pk": 148, "model": "auth.permission", "fields": {"codename": "delete_script", "name": "Can delete script", "content_type": 48}}, {"pk": 152, "model": "auth.permission", "fields": {"codename": "add_scriptprogress", "name": "Can add script progress", "content_type": 50}}, {"pk": 153, "model": "auth.permission", "fields": {"codename": "change_scriptprogress", "name": "Can change script progress", "content_type": 50}}, {"pk": 154, "model": "auth.permission", "fields": {"codename": "delete_scriptprogress", "name": "Can delete script progress", "content_type": 50}}, {"pk": 158, "model": "auth.permission", "fields": {"codename": "add_scriptresponse", "name": "Can add script response", "content_type": 52}}, {"pk": 159, "model": "auth.permission", "fields": {"codename": "change_scriptresponse", "name": "Can change script response", "content_type": 52}}, {"pk": 160, "model": "auth.permission", "fields": {"codename": "delete_scriptresponse", "name": "Can delete script response", "content_type": 52}}, {"pk": 155, "model": "auth.permission", "fields": {"codename": "add_scriptsession", "name": "Can add script session", "content_type": 51}}, {"pk": 156, "model": "auth.permission", "fields": {"codename": "change_scriptsession", "name": "Can change script session", "content_type": 51}}, {"pk": 157, "model": "auth.permission", "fields": {"codename": "delete_scriptsession", "name": "Can delete script session", "content_type": 51}}, {"pk": 149, "model": "auth.permission", "fields": {"codename": "add_scriptstep", "name": "Can add script step", "content_type": 49}}, {"pk": 150, "model": "auth.permission", "fields": {"codename": "change_scriptstep", "name": "Can change script step", "content_type": 49}}, {"pk": 151, "model": "auth.permission", "fields": {"codename": "delete_scriptstep", "name": "Can delete script step", "content_type": 49}}, {"pk": 52, "model": "auth.permission", "fields": {"codename": "add_session", "name": "Can add session", "content_type": 20}}, {"pk": 53, "model": "auth.permission", "fields": {"codename": "change_session", "name": "Can change session", "content_type": 20}}, {"pk": 54, "model": "auth.permission", "fields": {"codename": "delete_session", "name": "Can delete session", "content_type": 20}}, {"pk": 58, "model": "auth.permission", "fields": {"codename": "add_site", "name": "Can add site", "content_type": 22}}, {"pk": 59, "model": "auth.permission", "fields": {"codename": "change_site", "name": "Can change site", "content_type": 22}}, {"pk": 60, "model": "auth.permission", "fields": {"codename": "delete_site", "name": "Can delete site", "content_type": 22}}, {"pk": 1, "model": "auth.group", "fields": {"name": "Health", "permissions": []}}, {"pk": 2, "model": "auth.group", "fields": {"name": "Wealth", "permissions": []}}, {"pk": 1, "model": "auth.user", "fields": {"username": "fabrol", "first_name": "", "last_name": "", "is_active": true, "is_superuser": true, "is_staff": true, "last_login": "2012-06-25 12:17:01", "groups": [1, 2], "user_permissions": [], "password": "sha1$2d4b1$0d1bd46c161a0b9b05f55b513df125a56a921449", "email": "fabrol92@gmail.com", "date_joined": "2012-06-20 13:09:45"}}, {"pk": 2, "model": "auth.user", "fields": {"username": "test@example.com", "first_name": "", "last_name": "", "is_active": true, "is_superuser": false, "is_staff": false, "last_login": "2012-06-20 13:25:20", "groups": [1], "user_permissions": [], "password": "sha1$be172$1ccdff585db40a1d9c6c984fbf45ec1673c3819a", "email": "test@example.com", "date_joined": "2012-06-20 13:25:20"}}, {"pk": 3, "model": "auth.user", "fields": {"username": "unique1", "first_name": "", "last_name": "", "is_active": true, "is_superuser": false, "is_staff": false, "last_login": "2012-06-20 15:24:46", "groups": [1], "user_permissions": [], "password": "sha1$a44d4$9da4642c535a1c91af71757ec1e57c065009555f", "email": "unique1", "date_joined": "2012-06-20 15:24:46"}}, {"pk": 4, "model": "auth.user", "fields": {"username": "Health_manager", "first_name": "Traala", "last_name": "lala", "is_active": true, "is_superuser": false, "is_staff": true, "last_login": "2012-06-22 11:36:16", "groups": [1], "user_permissions": [89], "password": "sha1$04320$081da5c804a899d2ddd31f0931dbdae88b3a4337", "email": "fabrol92@gmail.com", "date_joined": "2012-06-21 16:40:41"}}, {"pk": 5, "model": "auth.user", "fields": {"username": "Wealth_manager", "first_name": "Walth", "last_name": "Manger", "is_active": true, "is_superuser": false, "is_staff": false, "last_login": "2012-06-25 11:54:27", "groups": [2], "user_permissions": [11], "password": "sha1$3a7d9$39bb2f777d98d17dc94c244a82626af6e1adbf17", "email": "fabrol92@gmail.com", "date_joined": "2012-06-22 11:17:12"}}, {"pk": 1, "model": "rapidsms_httprouter.message", "fields": {"status": "H", "direction": "I", "text": "tst 10", "batch": null, "priority": 10, "application": "rapidsms_xforms", "connection": 3, "date": "2012-06-20 15:10:12", "in_response_to": null}}, {"pk": 2, "model": "rapidsms_httprouter.message", "fields": {"status": "Q", "direction": "O", "text": "recorded it.", "batch": null, "priority": 10, "application": "rapidsms_xforms", "connection": 3, "date": "2012-06-20 15:10:12", "in_response_to": 1}}, {"pk": 3, "model": "rapidsms_httprouter.message", "fields": {"status": "Q", "direction": "O", "text": "tst 10", "batch": null, "priority": 10, "application": null, "connection": 3, "date": "2012-06-20 15:10:35", "in_response_to": null}}, {"pk": 4, "model": "rapidsms_httprouter.message", "fields": {"status": "Q", "direction": "O", "text": "tst 8", "batch": null, "priority": 10, "application": null, "connection": 3, "date": "2012-06-20 15:10:43", "in_response_to": null}}, {"pk": 5, "model": "rapidsms_httprouter.message", "fields": {"status": "H", "direction": "I", "text": "tst 2", "batch": null, "priority": 10, "application": "rapidsms_xforms", "connection": 3, "date": "2012-06-20 15:11:27", "in_response_to": null}}, {"pk": 6, "model": "rapidsms_httprouter.message", "fields": {"status": "Q", "direction": "O", "text": "recorded it.", "batch": null, "priority": 10, "application": "rapidsms_xforms", "connection": 3, "date": "2012-06-20 15:11:27", "in_response_to": 5}}, {"pk": 7, "model": "rapidsms_httprouter.message", "fields": {"status": "H", "direction": "I", "text": "tst 7", "batch": null, "priority": 10, "application": "rapidsms_xforms", "connection": 4, "date": "2012-06-20 15:15:20", "in_response_to": null}}, {"pk": 8, "model": "rapidsms_httprouter.message", "fields": {"status": "Q", "direction": "O", "text": "recorded it.", "batch": null, "priority": 10, "application": "rapidsms_xforms", "connection": 4, "date": "2012-06-20 15:15:20", "in_response_to": 7}}, {"pk": 9, "model": "rapidsms_httprouter.message", "fields": {"status": "H", "direction": "I", "text": "tst 5", "batch": null, "priority": 10, "application": "rapidsms_xforms", "connection": 7, "date": "2012-06-20 15:25:29", "in_response_to": null}}, {"pk": 10, "model": "rapidsms_httprouter.message", "fields": {"status": "Q", "direction": "O", "text": "recorded it.", "batch": null, "priority": 10, "application": "rapidsms_xforms", "connection": 7, "date": "2012-06-20 15:25:29", "in_response_to": 9}}, {"pk": 11, "model": "rapidsms_httprouter.message", "fields": {"status": "H", "direction": "I", "text": "tst 4", "batch": null, "priority": 10, "application": "rapidsms_xforms", "connection": 8, "date": "2012-06-20 15:25:59", "in_response_to": null}}, {"pk": 12, "model": "rapidsms_httprouter.message", "fields": {"status": "Q", "direction": "O", "text": "recorded it.", "batch": null, "priority": 10, "application": "rapidsms_xforms", "connection": 8, "date": "2012-06-20 15:25:59", "in_response_to": 11}}, {"pk": 13, "model": "rapidsms_httprouter.message", "fields": {"status": "H", "direction": "I", "text": "hhhh", "batch": null, "priority": 10, "application": null, "connection": 7, "date": "2012-06-20 15:53:52", "in_response_to": null}}, {"pk": 14, "model": "rapidsms_httprouter.message", "fields": {"status": "H", "direction": "I", "text": "tst 3", "batch": null, "priority": 10, "application": "rapidsms_xforms", "connection": 9, "date": "2012-06-20 16:07:18", "in_response_to": null}}, {"pk": 15, "model": "rapidsms_httprouter.message", "fields": {"status": "Q", "direction": "O", "text": "recorded it.", "batch": null, "priority": 10, "application": "rapidsms_xforms", "connection": 9, "date": "2012-06-20 16:07:18", "in_response_to": 14}}, {"pk": 16, "model": "rapidsms_httprouter.message", "fields": {"status": "H", "direction": "I", "text": "tst 5", "batch": null, "priority": 10, "application": null, "connection": 7, "date": "2012-06-21 10:51:10", "in_response_to": null}}, {"pk": 17, "model": "rapidsms_httprouter.message", "fields": {"status": "H", "direction": "I", "text": "tst 6", "batch": null, "priority": 10, "application": null, "connection": 7, "date": "2012-06-21 10:52:10", "in_response_to": null}}, {"pk": 18, "model": "rapidsms_httprouter.message", "fields": {"status": "H", "direction": "I", "text": "tst 4", "batch": null, "priority": 10, "application": "rapidsms_xforms", "connection": 7, "date": "2012-06-21 12:08:08", "in_response_to": null}}, {"pk": 19, "model": "rapidsms_httprouter.message", "fields": {"status": "Q", "direction": "O", "text": "recorded it.", "batch": null, "priority": 10, "application": "rapidsms_xforms", "connection": 7, "date": "2012-06-21 12:08:08", "in_response_to": 18}}, {"pk": 20, "model": "rapidsms_httprouter.message", "fields": {"status": "H", "direction": "I", "text": "tst 2", "batch": null, "priority": 10, "application": "rapidsms_xforms", "connection": 7, "date": "2012-06-21 12:59:05", "in_response_to": null}}, {"pk": 21, "model": "rapidsms_httprouter.message", "fields": {"status": "Q", "direction": "O", "text": "recorded it.", "batch": null, "priority": 10, "application": "rapidsms_xforms", "connection": 7, "date": "2012-06-21 12:59:06", "in_response_to": 20}}, {"pk": 22, "model": "rapidsms_httprouter.message", "fields": {"status": "Q", "direction": "O", "text": "tst 2", "batch": null, "priority": 10, "application": null, "connection": 3, "date": "2012-06-21 13:03:32", "in_response_to": null}}, {"pk": 23, "model": "rapidsms_httprouter.message", "fields": {"status": "H", "direction": "I", "text": "tst 5", "batch": null, "priority": 10, "application": "rapidsms_xforms", "connection": 7, "date": "2012-06-21 13:57:03", "in_response_to": null}}, {"pk": 24, "model": "rapidsms_httprouter.message", "fields": {"status": "Q", "direction": "O", "text": "recorded it.", "batch": null, "priority": 10, "application": "rapidsms_xforms", "connection": 7, "date": "2012-06-21 13:57:04", "in_response_to": 23}}, {"pk": 25, "model": "rapidsms_httprouter.message", "fields": {"status": "H", "direction": "I", "text": "tst 5", "batch": null, "priority": 10, "application": "rapidsms_xforms", "connection": 7, "date": "2012-06-21 14:27:13", "in_response_to": null}}, {"pk": 26, "model": "rapidsms_httprouter.message", "fields": {"status": "Q", "direction": "O", "text": "recorded it.", "batch": null, "priority": 10, "application": "rapidsms_xforms", "connection": 7, "date": "2012-06-21 14:27:13", "in_response_to": 25}}, {"pk": 27, "model": "rapidsms_httprouter.message", "fields": {"status": "H", "direction": "I", "text": "tst 4", "batch": null, "priority": 10, "application": "rapidsms_xforms", "connection": 6, "date": "2012-06-21 15:40:18", "in_response_to": null}}, {"pk": 28, "model": "rapidsms_httprouter.message", "fields": {"status": "Q", "direction": "O", "text": "recorded it.", "batch": null, "priority": 10, "application": "rapidsms_xforms", "connection": 6, "date": "2012-06-21 15:40:18", "in_response_to": 27}}, {"pk": 29, "model": "rapidsms_httprouter.message", "fields": {"status": "H", "direction": "I", "text": "san 4 2", "batch": null, "priority": 10, "application": "rapidsms_xforms", "connection": 7, "date": "2012-06-21 16:09:25", "in_response_to": null}}, {"pk": 30, "model": "rapidsms_httprouter.message", "fields": {"status": "Q", "direction": "O", "text": "Thank you, please wait for the confirmation from your local NGO", "batch": null, "priority": 10, "application": "rapidsms_xforms", "connection": 7, "date": "2012-06-21 16:09:26", "in_response_to": 29}}, {"pk": 31, "model": "rapidsms_httprouter.message", "fields": {"status": "H", "direction": "I", "text": "san 3 4", "batch": null, "priority": 10, "application": "rapidsms_xforms", "connection": 6, "date": "2012-06-21 16:10:06", "in_response_to": null}}, {"pk": 32, "model": "rapidsms_httprouter.message", "fields": {"status": "Q", "direction": "O", "text": "Thank you, please wait for the confirmation from your local NGO", "batch": null, "priority": 10, "application": "rapidsms_xforms", "connection": 6, "date": "2012-06-21 16:10:07", "in_response_to": 31}}, {"pk": 33, "model": "rapidsms_httprouter.message", "fields": {"status": "H", "direction": "I", "text": "san 6 9", "batch": null, "priority": 10, "application": "rapidsms_xforms", "connection": 10, "date": "2012-06-21 16:48:54", "in_response_to": null}}, {"pk": 34, "model": "rapidsms_httprouter.message", "fields": {"status": "Q", "direction": "O", "text": "Thank you, please wait for the confirmation from your local NGO", "batch": null, "priority": 10, "application": "rapidsms_xforms", "connection": 10, "date": "2012-06-21 16:48:54", "in_response_to": 33}}, {"pk": 35, "model": "rapidsms_httprouter.message", "fields": {"status": "H", "direction": "I", "text": "sani 4 6", "batch": null, "priority": 10, "application": "rapidsms_xforms", "connection": 6, "date": "2012-06-22 10:11:50", "in_response_to": null}}, {"pk": 36, "model": "rapidsms_httprouter.message", "fields": {"status": "Q", "direction": "O", "text": "Thanks you for the response", "batch": null, "priority": 10, "application": "rapidsms_xforms", "connection": 6, "date": "2012-06-22 10:11:50", "in_response_to": 35}}, {"pk": 37, "model": "rapidsms_httprouter.message", "fields": {"status": "H", "direction": "I", "text": "sani 3 7", "batch": null, "priority": 10, "application": "rapidsms_xforms", "connection": 10, "date": "2012-06-22 10:12:56", "in_response_to": null}}, {"pk": 38, "model": "rapidsms_httprouter.message", "fields": {"status": "Q", "direction": "O", "text": "Thanks you for the response", "batch": null, "priority": 10, "application": "rapidsms_xforms", "connection": 10, "date": "2012-06-22 10:12:56", "in_response_to": 37}}, {"pk": 17, "model": "admin.logentry", "fields": {"action_flag": 2, "action_time": "2012-06-22 12:50:03", "object_repr": "Monthy Sanitation Report (sms) - sani 3 7", "object_id": "16", "change_message": "No fields changed.", "user": 1, "content_type": 30}}, {"pk": 16, "model": "admin.logentry", "fields": {"action_flag": 2, "action_time": "2012-06-22 12:09:27", "object_repr": "Monthy Sanitation Report (sms) - sani 3 7", "object_id": "16", "change_message": "Changed approved.", "user": 1, "content_type": 30}}, {"pk": 15, "model": "admin.logentry", "fields": {"action_flag": 2, "action_time": "2012-06-22 11:21:03", "object_repr": "Wealth_manager", "object_id": "5", "change_message": "Changed user_permissions.", "user": 1, "content_type": 17}}, {"pk": 14, "model": "admin.logentry", "fields": {"action_flag": 2, "action_time": "2012-06-22 11:18:53", "object_repr": "Wealth_manager", "object_id": "5", "change_message": "Changed first_name, last_name and email.", "user": 1, "content_type": 17}}, {"pk": 13, "model": "admin.logentry", "fields": {"action_flag": 2, "action_time": "2012-06-22 11:17:36", "object_repr": "Wealth_manager", "object_id": "5", "change_message": "No fields changed.", "user": 1, "content_type": 17}}, {"pk": 12, "model": "admin.logentry", "fields": {"action_flag": 2, "action_time": "2012-06-22 11:17:24", "object_repr": "Wealth_manager", "object_id": "5", "change_message": "Changed groups.", "user": 1, "content_type": 17}}, {"pk": 11, "model": "admin.logentry", "fields": {"action_flag": 1, "action_time": "2012-06-22 11:17:12", "object_repr": "Wealth_manager", "object_id": "5", "change_message": "", "user": 1, "content_type": 17}}, {"pk": 10, "model": "admin.logentry", "fields": {"action_flag": 2, "action_time": "2012-06-22 11:12:38", "object_repr": "fabrol", "object_id": "1", "change_message": "No fields changed.", "user": 1, "content_type": 17}}, {"pk": 9, "model": "admin.logentry", "fields": {"action_flag": 2, "action_time": "2012-06-22 10:48:05", "object_repr": "Health_manager", "object_id": "4", "change_message": "Changed groups.", "user": 1, "content_type": 17}}, {"pk": 8, "model": "admin.logentry", "fields": {"action_flag": 2, "action_time": "2012-06-22 10:12:38", "object_repr": "Wealth_field_worker1", "object_id": "3", "change_message": "Changed reporting_location.", "user": 1, "content_type": 10}}, {"pk": 7, "model": "admin.logentry", "fields": {"action_flag": 1, "action_time": "2012-06-21 16:48:27", "object_repr": "Wealth_field_worker1", "object_id": "3", "change_message": "", "user": 1, "content_type": 10}}, {"pk": 6, "model": "admin.logentry", "fields": {"action_flag": 1, "action_time": "2012-06-21 16:47:09", "object_repr": "Wealth", "object_id": "2", "change_message": "", "user": 1, "content_type": 16}}, {"pk": 5, "model": "admin.logentry", "fields": {"action_flag": 2, "action_time": "2012-06-21 16:43:22", "object_repr": "Sanitation report (sms) - san 4 2", "object_id": "12", "change_message": "Changed approved.", "user": 4, "content_type": 30}}, {"pk": 4, "model": "admin.logentry", "fields": {"action_flag": 2, "action_time": "2012-06-21 16:43:06", "object_repr": "Sanitation report (sms) - san 3 4", "object_id": "13", "change_message": "Changed approved.", "user": 4, "content_type": 30}}, {"pk": 3, "model": "admin.logentry", "fields": {"action_flag": 2, "action_time": "2012-06-21 16:42:24", "object_repr": "Health_manager", "object_id": "4", "change_message": "Changed first_name, last_name, email, is_staff, user_permissions and groups.", "user": 1, "content_type": 17}}, {"pk": 2, "model": "admin.logentry", "fields": {"action_flag": 1, "action_time": "2012-06-21 16:40:41", "object_repr": "Health_manager", "object_id": "4", "change_message": "", "user": 1, "content_type": 17}}, {"pk": 1, "model": "admin.logentry", "fields": {"action_flag": 2, "action_time": "2012-06-21 15:40:00", "object_repr": "Sir2", "object_id": "2", "change_message": "Changed email, birthdate and gender. Changed backend for connection \"2562222 via console\".", "user": 1, "content_type": 10}}, {"pk": 1, "model": "auth.user", "fields": {"username": "fabrol", "first_name": "", "last_name": "", "is_active": true, "is_superuser": true, "is_staff": true, "last_login": "2012-06-25 12:17:01", "groups": [1, 2], "user_permissions": [], "password": "sha1$2d4b1$0d1bd46c161a0b9b05f55b513df125a56a921449", "email": "fabrol92@gmail.com", "date_joined": "2012-06-20 13:09:45"}}, {"pk": 2, "model": "auth.user", "fields": {"username": "test@example.com", "first_name": "", "last_name": "", "is_active": true, "is_superuser": false, "is_staff": false, "last_login": "2012-06-20 13:25:20", "groups": [1], "user_permissions": [], "password": "sha1$be172$1ccdff585db40a1d9c6c984fbf45ec1673c3819a", "email": "test@example.com", "date_joined": "2012-06-20 13:25:20"}}, {"pk": 3, "model": "auth.user", "fields": {"username": "unique1", "first_name": "", "last_name": "", "is_active": true, "is_superuser": false, "is_staff": false, "last_login": "2012-06-20 15:24:46", "groups": [1], "user_permissions": [], "password": "sha1$a44d4$9da4642c535a1c91af71757ec1e57c065009555f", "email": "unique1", "date_joined": "2012-06-20 15:24:46"}}, {"pk": 4, "model": "auth.user", "fields": {"username": "Health_manager", "first_name": "Traala", "last_name": "lala", "is_active": true, "is_superuser": false, "is_staff": true, "last_login": "2012-06-22 11:36:16", "groups": [1], "user_permissions": [89], "password": "sha1$04320$081da5c804a899d2ddd31f0931dbdae88b3a4337", "email": "fabrol92@gmail.com", "date_joined": "2012-06-21 16:40:41"}}, {"pk": 5, "model": "auth.user", "fields": {"username": "Wealth_manager", "first_name": "Walth", "last_name": "Manger", "is_active": true, "is_superuser": false, "is_staff": false, "last_login": "2012-06-25 11:54:27", "groups": [2], "user_permissions": [11], "password": "sha1$3a7d9$39bb2f777d98d17dc94c244a82626af6e1adbf17", "email": "fabrol92@gmail.com", "date_joined": "2012-06-22 11:17:12"}}, {"pk": 1, "model": "auth.group", "fields": {"name": "Health", "permissions": []}}, {"pk": 2, "model": "auth.group", "fields": {"name": "Wealth", "permissions": []}}, {"pk": 49, "model": "auth.permission", "fields": {"codename": "add_logentry", "name": "Can add log entry", "content_type": 19}}, {"pk": 50, "model": "auth.permission", "fields": {"codename": "change_logentry", "name": "Can change log entry", "content_type": 19}}, {"pk": 51, "model": "auth.permission", "fields": {"codename": "delete_logentry", "name": "Can delete log entry", "content_type": 19}}, {"pk": 40, "model": "auth.permission", "fields": {"codename": "add_group", "name": "Can add group", "content_type": 16}}, {"pk": 41, "model": "auth.permission", "fields": {"codename": "change_group", "name": "Can change group", "content_type": 16}}, {"pk": 42, "model": "auth.permission", "fields": {"codename": "delete_group", "name": "Can delete group", "content_type": 16}}, {"pk": 46, "model": "auth.permission", "fields": {"codename": "add_message", "name": "Can add message", "content_type": 18}}, {"pk": 47, "model": "auth.permission", "fields": {"codename": "change_message", "name": "Can change message", "content_type": 18}}, {"pk": 48, "model": "auth.permission", "fields": {"codename": "delete_message", "name": "Can delete message", "content_type": 18}}, {"pk": 37, "model": "auth.permission", "fields": {"codename": "add_permission", "name": "Can add permission", "content_type": 15}}, {"pk": 38, "model": "auth.permission", "fields": {"codename": "change_permission", "name": "Can change permission", "content_type": 15}}, {"pk": 39, "model": "auth.permission", "fields": {"codename": "delete_permission", "name": "Can delete permission", "content_type": 15}}, {"pk": 43, "model": "auth.permission", "fields": {"codename": "add_user", "name": "Can add user", "content_type": 17}}, {"pk": 44, "model": "auth.permission", "fields": {"codename": "change_user", "name": "Can change user", "content_type": 17}}, {"pk": 45, "model": "auth.permission", "fields": {"codename": "delete_user", "name": "Can delete user", "content_type": 17}}, {"pk": 101, "model": "auth.permission", "fields": {"codename": "add_flag", "name": "Can add flag", "content_type": 34}}, {"pk": 102, "model": "auth.permission", "fields": {"codename": "change_flag", "name": "Can change flag", "content_type": 34}}, {"pk": 103, "model": "auth.permission", "fields": {"codename": "delete_flag", "name": "Can delete flag", "content_type": 34}}, {"pk": 97, "model": "auth.permission", "fields": {"codename": "add_masstext", "name": "Can add mass text", "content_type": 33}}, {"pk": 100, "model": "auth.permission", "fields": {"codename": "can_message", "name": "Can send messages, create polls, etc", "content_type": 33}}, {"pk": 98, "model": "auth.permission", "fields": {"codename": "change_masstext", "name": "Can change mass text", "content_type": 33}}, {"pk": 99, "model": "auth.permission", "fields": {"codename": "delete_masstext", "name": "Can delete mass text", "content_type": 33}}, {"pk": 104, "model": "auth.permission", "fields": {"codename": "add_messageflag", "name": "Can add message flag", "content_type": 35}}, {"pk": 105, "model": "auth.permission", "fields": {"codename": "change_messageflag", "name": "Can change message flag", "content_type": 35}}, {"pk": 106, "model": "auth.permission", "fields": {"codename": "delete_messageflag", "name": "Can delete message flag", "content_type": 35}}, {"pk": 55, "model": "auth.permission", "fields": {"codename": "add_contenttype", "name": "Can add content type", "content_type": 21}}, {"pk": 56, "model": "auth.permission", "fields": {"codename": "change_contenttype", "name": "Can change content type", "content_type": 21}}, {"pk": 57, "model": "auth.permission", "fields": {"codename": "delete_contenttype", "name": "Can delete content type", "content_type": 21}}, {"pk": 4, "model": "auth.permission", "fields": {"codename": "add_partialdigest", "name": "Can add partial digest", "content_type": 2}}, {"pk": 5, "model": "auth.permission", "fields": {"codename": "change_partialdigest", "name": "Can change partial digest", "content_type": 2}}, {"pk": 6, "model": "auth.permission", "fields": {"codename": "delete_partialdigest", "name": "Can delete partial digest", "content_type": 2}}, {"pk": 1, "model": "auth.permission", "fields": {"codename": "add_usernonce", "name": "Can add user nonce", "content_type": 1}}, {"pk": 2, "model": "auth.permission", "fields": {"codename": "change_usernonce", "name": "Can change user nonce", "content_type": 1}}, {"pk": 3, "model": "auth.permission", "fields": {"codename": "delete_usernonce", "name": "Can delete user nonce", "content_type": 1}}, {"pk": 67, "model": "auth.permission", "fields": {"codename": "add_attribute", "name": "Can add attribute", "content_type": 25}}, {"pk": 68, "model": "auth.permission", "fields": {"codename": "change_attribute", "name": "Can change attribute", "content_type": 25}}, {"pk": 69, "model": "auth.permission", "fields": {"codename": "delete_attribute", "name": "Can delete attribute", "content_type": 25}}, {"pk": 76, "model": "auth.permission", "fields": {"codename": "add_encounter", "name": "Can add encounter", "content_type": 28}}, {"pk": 77, "model": "auth.permission", "fields": {"codename": "change_encounter", "name": "Can change encounter", "content_type": 28}}, {"pk": 78, "model": "auth.permission", "fields": {"codename": "delete_encounter", "name": "Can delete encounter", "content_type": 28}}, {"pk": 64, "model": "auth.permission", "fields": {"codename": "add_enumgroup", "name": "Can add enum group", "content_type": 24}}, {"pk": 65, "model": "auth.permission", "fields": {"codename": "change_enumgroup", "name": "Can change enum group", "content_type": 24}}, {"pk": 66, "model": "auth.permission", "fields": {"codename": "delete_enumgroup", "name": "Can delete enum group", "content_type": 24}}, {"pk": 61, "model": "auth.permission", "fields": {"codename": "add_enumvalue", "name": "Can add enum value", "content_type": 23}}, {"pk": 62, "model": "auth.permission", "fields": {"codename": "change_enumvalue", "name": "Can change enum value", "content_type": 23}}, {"pk": 63, "model": "auth.permission", "fields": {"codename": "delete_enumvalue", "name": "Can delete enum value", "content_type": 23}}, {"pk": 73, "model": "auth.permission", "fields": {"codename": "add_patient", "name": "Can add patient", "content_type": 27}}, {"pk": 74, "model": "auth.permission", "fields": {"codename": "change_patient", "name": "Can change patient", "content_type": 27}}, {"pk": 75, "model": "auth.permission", "fields": {"codename": "delete_patient", "name": "Can delete patient", "content_type": 27}}, {"pk": 70, "model": "auth.permission", "fields": {"codename": "add_value", "name": "Can add value", "content_type": 26}}, {"pk": 71, "model": "auth.permission", "fields": {"codename": "change_value", "name": "Can change value", "content_type": 26}}, {"pk": 72, "model": "auth.permission", "fields": {"codename": "delete_value", "name": "Can delete value", "content_type": 26}}, {"pk": 133, "model": "auth.permission", "fields": {"codename": "add_dashboard", "name": "Can add dashboard", "content_type": 44}}, {"pk": 134, "model": "auth.permission", "fields": {"codename": "change_dashboard", "name": "Can change dashboard", "content_type": 44}}, {"pk": 135, "model": "auth.permission", "fields": {"codename": "delete_dashboard", "name": "Can delete dashboard", "content_type": 44}}, {"pk": 136, "model": "auth.permission", "fields": {"codename": "publish_dashboard", "name": "Can publish dashboards", "content_type": 44}}, {"pk": 137, "model": "auth.permission", "fields": {"codename": "add_module", "name": "Can add module", "content_type": 45}}, {"pk": 138, "model": "auth.permission", "fields": {"codename": "change_module", "name": "Can change module", "content_type": 45}}, {"pk": 139, "model": "auth.permission", "fields": {"codename": "delete_module", "name": "Can delete module", "content_type": 45}}, {"pk": 140, "model": "auth.permission", "fields": {"codename": "add_moduleparams", "name": "Can add module params", "content_type": 46}}, {"pk": 141, "model": "auth.permission", "fields": {"codename": "change_moduleparams", "name": "Can change module params", "content_type": 46}}, {"pk": 142, "model": "auth.permission", "fields": {"codename": "delete_moduleparams", "name": "Can delete module params", "content_type": 46}}, {"pk": 143, "model": "auth.permission", "fields": {"codename": "add_staticmodulecontent", "name": "Can add static module content", "content_type": 47}}, {"pk": 144, "model": "auth.permission", "fields": {"codename": "change_staticmodulecontent", "name": "Can change static module content", "content_type": 47}}, {"pk": 145, "model": "auth.permission", "fields": {"codename": "delete_staticmodulecontent", "name": "Can delete static module content", "content_type": 47}}, {"pk": 7, "model": "auth.permission", "fields": {"codename": "add_config", "name": "Can add config", "content_type": 3}}, {"pk": 8, "model": "auth.permission", "fields": {"codename": "change_config", "name": "Can change config", "content_type": 3}}, {"pk": 9, "model": "auth.permission", "fields": {"codename": "delete_config", "name": "Can delete config", "content_type": 3}}, {"pk": 34, "model": "auth.permission", "fields": {"codename": "add_location", "name": "Can add location", "content_type": 14}}, {"pk": 35, "model": "auth.permission", "fields": {"codename": "change_location", "name": "Can change location", "content_type": 14}}, {"pk": 36, "model": "auth.permission", "fields": {"codename": "delete_location", "name": "Can delete location", "content_type": 14}}, {"pk": 31, "model": "auth.permission", "fields": {"codename": "add_locationtype", "name": "Can add location type", "content_type": 13}}, {"pk": 32, "model": "auth.permission", "fields": {"codename": "change_locationtype", "name": "Can change location type", "content_type": 13}}, {"pk": 33, "model": "auth.permission", "fields": {"codename": "delete_locationtype", "name": "Can delete location type", "content_type": 13}}, {"pk": 28, "model": "auth.permission", "fields": {"codename": "add_point", "name": "Can add point", "content_type": 12}}, {"pk": 29, "model": "auth.permission", "fields": {"codename": "change_point", "name": "Can change point", "content_type": 12}}, {"pk": 30, "model": "auth.permission", "fields": {"codename": "delete_point", "name": "Can delete point", "content_type": 12}}, {"pk": 121, "model": "auth.permission", "fields": {"codename": "add_category", "name": "Can add category", "content_type": 40}}, {"pk": 122, "model": "auth.permission", "fields": {"codename": "change_category", "name": "Can change category", "content_type": 40}}, {"pk": 123, "model": "auth.permission", "fields": {"codename": "delete_category", "name": "Can delete category", "content_type": 40}}, {"pk": 116, "model": "auth.permission", "fields": {"codename": "add_poll", "name": "Can add poll", "content_type": 39}}, {"pk": 120, "model": "auth.permission", "fields": {"codename": "can_edit_poll", "name": "Can edit poll rules, categories, and responses", "content_type": 39}}, {"pk": 119, "model": "auth.permission", "fields": {"codename": "can_poll", "name": "Can send polls", "content_type": 39}}, {"pk": 117, "model": "auth.permission", "fields": {"codename": "change_poll", "name": "Can change poll", "content_type": 39}}, {"pk": 118, "model": "auth.permission", "fields": {"codename": "delete_poll", "name": "Can delete poll", "content_type": 39}}, {"pk": 124, "model": "auth.permission", "fields": {"codename": "add_response", "name": "Can add response", "content_type": 41}}, {"pk": 125, "model": "auth.permission", "fields": {"codename": "change_response", "name": "Can change response", "content_type": 41}}, {"pk": 126, "model": "auth.permission", "fields": {"codename": "delete_response", "name": "Can delete response", "content_type": 41}}, {"pk": 113, "model": "auth.permission", "fields": {"codename": "add_responsecategory", "name": "Can add response category", "content_type": 38}}, {"pk": 114, "model": "auth.permission", "fields": {"codename": "change_responsecategory", "name": "Can change response category", "content_type": 38}}, {"pk": 115, "model": "auth.permission", "fields": {"codename": "delete_responsecategory", "name": "Can delete response category", "content_type": 38}}, {"pk": 127, "model": "auth.permission", "fields": {"codename": "add_rule", "name": "Can add rule", "content_type": 42}}, {"pk": 128, "model": "auth.permission", "fields": {"codename": "change_rule", "name": "Can change rule", "content_type": 42}}, {"pk": 129, "model": "auth.permission", "fields": {"codename": "delete_rule", "name": "Can delete rule", "content_type": 42}}, {"pk": 130, "model": "auth.permission", "fields": {"codename": "add_translation", "name": "Can add translation", "content_type": 43}}, {"pk": 131, "model": "auth.permission", "fields": {"codename": "change_translation", "name": "Can change translation", "content_type": 43}}, {"pk": 132, "model": "auth.permission", "fields": {"codename": "delete_translation", "name": "Can delete translation", "content_type": 43}}, {"pk": 19, "model": "auth.permission", "fields": {"codename": "add_app", "name": "Can add app", "content_type": 9}}, {"pk": 20, "model": "auth.permission", "fields": {"codename": "change_app", "name": "Can change app", "content_type": 9}}, {"pk": 21, "model": "auth.permission", "fields": {"codename": "delete_app", "name": "Can delete app", "content_type": 9}}, {"pk": 16, "model": "auth.permission", "fields": {"codename": "add_backend", "name": "Can add backend", "content_type": 8}}, {"pk": 17, "model": "auth.permission", "fields": {"codename": "change_backend", "name": "Can change backend", "content_type": 8}}, {"pk": 18, "model": "auth.permission", "fields": {"codename": "delete_backend", "name": "Can delete backend", "content_type": 8}}, {"pk": 25, "model": "auth.permission", "fields": {"codename": "add_connection", "name": "Can add connection", "content_type": 11}}, {"pk": 26, "model": "auth.permission", "fields": {"codename": "change_connection", "name": "Can change connection", "content_type": 11}}, {"pk": 27, "model": "auth.permission", "fields": {"codename": "delete_connection", "name": "Can delete connection", "content_type": 11}}, {"pk": 22, "model": "auth.permission", "fields": {"codename": "add_contact", "name": "Can add contact", "content_type": 10}}, {"pk": 23, "model": "auth.permission", "fields": {"codename": "change_contact", "name": "Can change contact", "content_type": 10}}, {"pk": 24, "model": "auth.permission", "fields": {"codename": "delete_contact", "name": "Can delete contact", "content_type": 10}}, {"pk": 110, "model": "auth.permission", "fields": {"codename": "add_message", "name": "Can add message", "content_type": 37}}, {"pk": 111, "model": "auth.permission", "fields": {"codename": "change_message", "name": "Can change message", "content_type": 37}}, {"pk": 112, "model": "auth.permission", "fields": {"codename": "delete_message", "name": "Can delete message", "content_type": 37}}, {"pk": 107, "model": "auth.permission", "fields": {"codename": "add_messagebatch", "name": "Can add message batch", "content_type": 36}}, {"pk": 108, "model": "auth.permission", "fields": {"codename": "change_messagebatch", "name": "Can change message batch", "content_type": 36}}, {"pk": 109, "model": "auth.permission", "fields": {"codename": "delete_messagebatch", "name": "Can delete message batch", "content_type": 36}}, {"pk": 94, "model": "auth.permission", "fields": {"codename": "add_binaryvalue", "name": "Can add binary value", "content_type": 32}}, {"pk": 95, "model": "auth.permission", "fields": {"codename": "change_binaryvalue", "name": "Can change binary value", "content_type": 32}}, {"pk": 96, "model": "auth.permission", "fields": {"codename": "delete_binaryvalue", "name": "Can delete binary value", "content_type": 32}}, {"pk": 10, "model": "auth.permission", "fields": {"codename": "add_report", "name": "Can add report", "content_type": 4}}, {"pk": 79, "model": "auth.permission", "fields": {"codename": "add_xform", "name": "Can add x form", "content_type": 4}}, {"pk": 11, "model": "auth.permission", "fields": {"codename": "change_report", "name": "Can change report", "content_type": 4}}, {"pk": 80, "model": "auth.permission", "fields": {"codename": "change_xform", "name": "Can change x form", "content_type": 4}}, {"pk": 12, "model": "auth.permission", "fields": {"codename": "delete_report", "name": "Can delete report", "content_type": 4}}, {"pk": 81, "model": "auth.permission", "fields": {"codename": "delete_xform", "name": "Can delete x form", "content_type": 4}}, {"pk": 13, "model": "auth.permission", "fields": {"codename": "add_indicator", "name": "Can add indicator", "content_type": 5}}, {"pk": 82, "model": "auth.permission", "fields": {"codename": "add_xformfield", "name": "Can add x form field", "content_type": 5}}, {"pk": 14, "model": "auth.permission", "fields": {"codename": "change_indicator", "name": "Can change indicator", "content_type": 5}}, {"pk": 83, "model": "auth.permission", "fields": {"codename": "change_xformfield", "name": "Can change x form field", "content_type": 5}}, {"pk": 15, "model": "auth.permission", "fields": {"codename": "delete_indicator", "name": "Can delete indicator", "content_type": 5}}, {"pk": 84, "model": "auth.permission", "fields": {"codename": "delete_xformfield", "name": "Can delete x form field", "content_type": 5}}, {"pk": 85, "model": "auth.permission", "fields": {"codename": "add_xformfieldconstraint", "name": "Can add x form field constraint", "content_type": 29}}, {"pk": 86, "model": "auth.permission", "fields": {"codename": "change_xformfieldconstraint", "name": "Can change x form field constraint", "content_type": 29}}, {"pk": 87, "model": "auth.permission", "fields": {"codename": "delete_xformfieldconstraint", "name": "Can delete x form field constraint", "content_type": 29}}, {"pk": 88, "model": "auth.permission", "fields": {"codename": "add_xformsubmission", "name": "Can add x form submission", "content_type": 30}}, {"pk": 89, "model": "auth.permission", "fields": {"codename": "change_xformsubmission", "name": "Can change x form submission", "content_type": 30}}, {"pk": 90, "model": "auth.permission", "fields": {"codename": "delete_xformsubmission", "name": "Can delete x form submission", "content_type": 30}}, {"pk": 91, "model": "auth.permission", "fields": {"codename": "add_xformsubmissionvalue", "name": "Can add x form submission value", "content_type": 31}}, {"pk": 92, "model": "auth.permission", "fields": {"codename": "change_xformsubmissionvalue", "name": "Can change x form submission value", "content_type": 31}}, {"pk": 93, "model": "auth.permission", "fields": {"codename": "delete_xformsubmissionvalue", "name": "Can delete x form submission value", "content_type": 31}}, {"pk": 161, "model": "auth.permission", "fields": {"codename": "add_email", "name": "Can add email", "content_type": 53}}, {"pk": 162, "model": "auth.permission", "fields": {"codename": "change_email", "name": "Can change email", "content_type": 53}}, {"pk": 163, "model": "auth.permission", "fields": {"codename": "delete_email", "name": "Can delete email", "content_type": 53}}, {"pk": 146, "model": "auth.permission", "fields": {"codename": "add_script", "name": "Can add script", "content_type": 48}}, {"pk": 147, "model": "auth.permission", "fields": {"codename": "change_script", "name": "Can change script", "content_type": 48}}, {"pk": 148, "model": "auth.permission", "fields": {"codename": "delete_script", "name": "Can delete script", "content_type": 48}}, {"pk": 152, "model": "auth.permission", "fields": {"codename": "add_scriptprogress", "name": "Can add script progress", "content_type": 50}}, {"pk": 153, "model": "auth.permission", "fields": {"codename": "change_scriptprogress", "name": "Can change script progress", "content_type": 50}}, {"pk": 154, "model": "auth.permission", "fields": {"codename": "delete_scriptprogress", "name": "Can delete script progress", "content_type": 50}}, {"pk": 158, "model": "auth.permission", "fields": {"codename": "add_scriptresponse", "name": "Can add script response", "content_type": 52}}, {"pk": 159, "model": "auth.permission", "fields": {"codename": "change_scriptresponse", "name": "Can change script response", "content_type": 52}}, {"pk": 160, "model": "auth.permission", "fields": {"codename": "delete_scriptresponse", "name": "Can delete script response", "content_type": 52}}, {"pk": 155, "model": "auth.permission", "fields": {"codename": "add_scriptsession", "name": "Can add script session", "content_type": 51}}, {"pk": 156, "model": "auth.permission", "fields": {"codename": "change_scriptsession", "name": "Can change script session", "content_type": 51}}, {"pk": 157, "model": "auth.permission", "fields": {"codename": "delete_scriptsession", "name": "Can delete script session", "content_type": 51}}, {"pk": 149, "model": "auth.permission", "fields": {"codename": "add_scriptstep", "name": "Can add script step", "content_type": 49}}, {"pk": 150, "model": "auth.permission", "fields": {"codename": "change_scriptstep", "name": "Can change script step", "content_type": 49}}, {"pk": 151, "model": "auth.permission", "fields": {"codename": "delete_scriptstep", "name": "Can delete script step", "content_type": 49}}, {"pk": 52, "model": "auth.permission", "fields": {"codename": "add_session", "name": "Can add session", "content_type": 20}}, {"pk": 53, "model": "auth.permission", "fields": {"codename": "change_session", "name": "Can change session", "content_type": 20}}, {"pk": 54, "model": "auth.permission", "fields": {"codename": "delete_session", "name": "Can delete session", "content_type": 20}}, {"pk": 58, "model": "auth.permission", "fields": {"codename": "add_site", "name": "Can add site", "content_type": 22}}, {"pk": 59, "model": "auth.permission", "fields": {"codename": "change_site", "name": "Can change site", "content_type": 22}}, {"pk": 60, "model": "auth.permission", "fields": {"codename": "delete_site", "name": "Can delete site", "content_type": 22}}, {"pk": 1, "model": "locations.location", "fields": {"rght": 6, "code": "USA", "tree_parent": null, "name": "United States", "point": null, "level": 0, "parent_type": null, "parent_id": null, "tree_id": 1, "lft": 1, "type": "country"}}, {"pk": 2, "model": "locations.location", "fields": {"rght": 5, "code": "CA", "tree_parent": 1, "name": "California", "point": null, "level": 1, "parent_type": null, "parent_id": null, "tree_id": 1, "lft": 2, "type": "state"}}, {"pk": 3, "model": "locations.location", "fields": {"rght": 4, "code": "PA", "tree_parent": 2, "name": "Palo Alto", "point": null, "level": 2, "parent_type": null, "parent_id": null, "tree_id": 1, "lft": 3, "type": "city"}}, {"pk": 4, "model": "locations.location", "fields": {"rght": 90, "code": "MAD", "tree_parent": null, "name": "Madagascar", "point": null, "level": 0, "parent_type": null, "parent_id": null, "tree_id": 2, "lft": 1, "type": "country"}}, {"pk": 5, "model": "locations.location", "fields": {"rght": 89, "code": "ANA", "tree_parent": 4, "name": "Analanijirofo", "point": null, "level": 1, "parent_type": null, "parent_id": null, "tree_id": 2, "lft": 2, "type": "region"}}, {"pk": 6, "model": "locations.location", "fields": {"rght": 88, "code": "SAM", "tree_parent": 5, "name": "Sainte Marie", "point": null, "level": 2, "parent_type": null, "parent_id": null, "tree_id": 2, "lft": 3, "type": "district"}}, {"pk": 7, "model": "locations.location", "fields": {"rght": 71, "code": "LOU", "tree_parent": 6, "name": "Loukintsy", "point": null, "level": 3, "parent_type": null, "parent_id": null, "tree_id": 2, "lft": 4, "type": "arrondissement"}}, {"pk": 8, "model": "locations.location", "fields": {"rght": 87, "code": "AMB", "tree_parent": 6, "name": "Ambodifotatra", "point": null, "level": 3, "parent_type": null, "parent_id": null, "tree_id": 2, "lft": 72, "type": "arrondissement"}}, {"pk": 9, "model": "locations.location", "fields": {"rght": 6, "code": "AMBF", "tree_parent": 7, "name": "Ambodiatafana", "point": null, "level": 4, "parent_type": null, "parent_id": null, "tree_id": 2, "lft": 5, "type": "fokontany"}}, {"pk": 10, "model": "locations.location", "fields": {"rght": 20, "code": "AMBO", "tree_parent": 7, "name": "Ambatorao", "point": null, "level": 4, "parent_type": null, "parent_id": null, "tree_id": 2, "lft": 7, "type": "fokontany"}}, {"pk": 11, "model": "locations.location", "fields": {"rght": 36, "code": "LOUK", "tree_parent": 7, "name": "Loukintsy", "point": null, "level": 4, "parent_type": null, "parent_id": null, "tree_id": 2, "lft": 21, "type": "fokontany"}}, {"pk": 12, "model": "locations.location", "fields": {"rght": 48, "code": "SAH", "tree_parent": 7, "name": "Sahasifotra", "point": null, "level": 4, "parent_type": null, "parent_id": null, "tree_id": 2, "lft": 37, "type": "fokontany"}}, {"pk": 13, "model": "locations.location", "fields": {"rght": 60, "code": "ANI", "tree_parent": 7, "name": "Anivorano", "point": null, "level": 4, "parent_type": null, "parent_id": null, "tree_id": 2, "lft": 49, "type": "fokontany"}}, {"pk": 14, "model": "locations.location", "fields": {"rght": 70, "code": "IFO", "tree_parent": 7, "name": "Ifotatra", "point": null, "level": 4, "parent_type": null, "parent_id": null, "tree_id": 2, "lft": 61, "type": "fokontany"}}, {"pk": 15, "model": "locations.location", "fields": {"rght": 80, "code": "AMBT", "tree_parent": 8, "name": "Ambodifotatra", "point": null, "level": 4, "parent_type": null, "parent_id": null, "tree_id": 2, "lft": 73, "type": "fokontany"}}, {"pk": 16, "model": "locations.location", "fields": {"rght": 86, "code": "MAT", "tree_parent": 8, "name": "Maromandia - Tafondro", "point": null, "level": 4, "parent_type": null, "parent_id": null, "tree_id": 2, "lft": 81, "type": "fokontany"}}, {"pk": 17, "model": "locations.location", "fields": {"rght": 75, "code": "AMBT1", "tree_parent": 15, "name": "Ambodiatafana I", "point": null, "level": 5, "parent_type": null, "parent_id": null, "tree_id": 2, "lft": 74, "type": "hammeau"}}, {"pk": 18, "model": "locations.location", "fields": {"rght": 77, "code": "AMBT2", "tree_parent": 15, "name": "Ambodiatafana Ii", "point": null, "level": 5, "parent_type": null, "parent_id": null, "tree_id": 2, "lft": 76, "type": "hammeau"}}, {"pk": 19, "model": "locations.location", "fields": {"rght": 9, "code": "AMBO1", "tree_parent": 10, "name": "Ambatorao I", "point": null, "level": 5, "parent_type": null, "parent_id": null, "tree_id": 2, "lft": 8, "type": "hammeau"}}, {"pk": 20, "model": "locations.location", "fields": {"rght": 11, "code": "AMBO2", "tree_parent": 10, "name": "Ambatorao Ii", "point": null, "level": 5, "parent_type": null, "parent_id": null, "tree_id": 2, "lft": 10, "type": "hammeau"}}, {"pk": 21, "model": "locations.location", "fields": {"rght": 13, "code": "ANK", "tree_parent": 10, "name": "Ankoba", "point": null, "level": 5, "parent_type": null, "parent_id": null, "tree_id": 2, "lft": 12, "type": "hammeau"}}, {"pk": 22, "model": "locations.location", "fields": {"rght": 15, "code": "ANKR", "tree_parent": 10, "name": "Ankorabe", "point": null, "level": 5, "parent_type": null, "parent_id": null, "tree_id": 2, "lft": 14, "type": "hammeau"}}, {"pk": 23, "model": "locations.location", "fields": {"rght": 17, "code": "VAT", "tree_parent": 10, "name": "Vatotokana", "point": null, "level": 5, "parent_type": null, "parent_id": null, "tree_id": 2, "lft": 16, "type": "hammeau"}}, {"pk": 24, "model": "locations.location", "fields": {"rght": 19, "code": "ANS", "tree_parent": 10, "name": "Androngatsara", "point": null, "level": 5, "parent_type": null, "parent_id": null, "tree_id": 2, "lft": 18, "type": "hammeau"}}, {"pk": 25, "model": "locations.location", "fields": {"rght": 23, "code": "LOUKI", "tree_parent": 11, "name": "Loukintsy", "point": null, "level": 5, "parent_type": null, "parent_id": null, "tree_id": 2, "lft": 22, "type": "hammeau"}}, {"pk": 26, "model": "locations.location", "fields": {"rght": 25, "code": "ANKY", "tree_parent": 11, "name": "Ankirihiry", "point": null, "level": 5, "parent_type": null, "parent_id": null, "tree_id": 2, "lft": 24, "type": "hammeau"}}, {"pk": 27, "model": "locations.location", "fields": {"rght": 27, "code": "TAA", "tree_parent": 11, "name": "Tanambao-Ankirihiry", "point": null, "level": 5, "parent_type": null, "parent_id": null, "tree_id": 2, "lft": 26, "type": "hammeau"}}, {"pk": 28, "model": "locations.location", "fields": {"rght": 29, "code": "SAHA", "tree_parent": 11, "name": "Sahavoavy", "point": null, "level": 5, "parent_type": null, "parent_id": null, "tree_id": 2, "lft": 28, "type": "hammeau"}}, {"pk": 29, "model": "locations.location", "fields": {"rght": 31, "code": "ANT", "tree_parent": 11, "name": "Antsarahaka", "point": null, "level": 5, "parent_type": null, "parent_id": null, "tree_id": 2, "lft": 30, "type": "hammeau"}}, {"pk": 30, "model": "locations.location", "fields": {"rght": 33, "code": "AMP", "tree_parent": 11, "name": "Ampatsy", "point": null, "level": 5, "parent_type": null, "parent_id": null, "tree_id": 2, "lft": 32, "type": "hammeau"}}, {"pk": 31, "model": "locations.location", "fields": {"rght": 35, "code": "VOH", "tree_parent": 11, "name": "Vohidravina", "point": null, "level": 5, "parent_type": null, "parent_id": null, "tree_id": 2, "lft": 34, "type": "hammeau"}}, {"pk": 32, "model": "locations.location", "fields": {"rght": 39, "code": "AMA", "tree_parent": 12, "name": "Ambohidena", "point": null, "level": 5, "parent_type": null, "parent_id": null, "tree_id": 2, "lft": 38, "type": "hammeau"}}, {"pk": 33, "model": "locations.location", "fields": {"rght": 41, "code": "ANE", "tree_parent": 12, "name": "Antanambe", "point": null, "level": 5, "parent_type": null, "parent_id": null, "tree_id": 2, "lft": 40, "type": "hammeau"}}, {"pk": 34, "model": "locations.location", "fields": {"rght": 43, "code": "SAHC", "tree_parent": 12, "name": "Sahasifotra Centre", "point": null, "level": 5, "parent_type": null, "parent_id": null, "tree_id": 2, "lft": 42, "type": "hammeau"}}, {"pk": 35, "model": "locations.location", "fields": {"rght": 45, "code": "ANV", "tree_parent": 12, "name": "Antevibe", "point": null, "level": 5, "parent_type": null, "parent_id": null, "tree_id": 2, "lft": 44, "type": "hammeau"}}, {"pk": 36, "model": "locations.location", "fields": {"rght": 47, "code": "ANY", "tree_parent": 12, "name": "Antalahy", "point": null, "level": 5, "parent_type": null, "parent_id": null, "tree_id": 2, "lft": 46, "type": "hammeau"}}, {"pk": 37, "model": "locations.location", "fields": {"rght": 51, "code": "SAN", "tree_parent": 13, "name": "Sandravoangy", "point": null, "level": 5, "parent_type": null, "parent_id": null, "tree_id": 2, "lft": 50, "type": "hammeau"}}, {"pk": 38, "model": "locations.location", "fields": {"rght": 53, "code": "AML", "tree_parent": 13, "name": "Ambalanaomby", "point": null, "level": 5, "parent_type": null, "parent_id": null, "tree_id": 2, "lft": 52, "type": "hammeau"}}, {"pk": 39, "model": "locations.location", "fields": {"rght": 55, "code": "ANO", "tree_parent": 13, "name": "Andranomadio", "point": null, "level": 5, "parent_type": null, "parent_id": null, "tree_id": 2, "lft": 54, "type": "hammeau"}}, {"pk": 40, "model": "locations.location", "fields": {"rght": 57, "code": "ANIV", "tree_parent": 13, "name": "Anivorano", "point": null, "level": 5, "parent_type": null, "parent_id": null, "tree_id": 2, "lft": 56, "type": "hammeau"}}, {"pk": 41, "model": "locations.location", "fields": {"rght": 59, "code": "IRI", "tree_parent": 13, "name": "Irian", "point": null, "level": 5, "parent_type": null, "parent_id": null, "tree_id": 2, "lft": 58, "type": "hammeau"}}, {"pk": 42, "model": "locations.location", "fields": {"rght": 63, "code": "ANANA", "tree_parent": 14, "name": "Antsirakalanana", "point": null, "level": 5, "parent_type": null, "parent_id": null, "tree_id": 2, "lft": 62, "type": "hammeau"}}, {"pk": 43, "model": "locations.location", "fields": {"rght": 65, "code": "LAN", "tree_parent": 14, "name": "Lanivato", "point": null, "level": 5, "parent_type": null, "parent_id": null, "tree_id": 2, "lft": 64, "type": "hammeau"}}, {"pk": 44, "model": "locations.location", "fields": {"rght": 67, "code": "IFOA", "tree_parent": 14, "name": "Ifotatra Ambany", "point": null, "level": 5, "parent_type": null, "parent_id": null, "tree_id": 2, "lft": 66, "type": "hammeau"}}, {"pk": 45, "model": "locations.location", "fields": {"rght": 69, "code": "IFOO", "tree_parent": 14, "name": "Ifotatra Ambony", "point": null, "level": 5, "parent_type": null, "parent_id": null, "tree_id": 2, "lft": 68, "type": "hammeau"}}, {"pk": 46, "model": "locations.location", "fields": {"rght": 79, "code": "BET", "tree_parent": 15, "name": "Betona", "point": null, "level": 5, "parent_type": null, "parent_id": null, "tree_id": 2, "lft": 78, "type": "hammeau"}}, {"pk": 47, "model": "locations.location", "fields": {"rght": 83, "code": "MATC", "tree_parent": 16, "name": "Maromandia - Centre", "point": null, "level": 5, "parent_type": null, "parent_id": null, "tree_id": 2, "lft": 82, "type": "hammeau"}}, {"pk": 48, "model": "locations.location", "fields": {"rght": 85, "code": "ANTV", "tree_parent": 16, "name": "Antanandava", "point": null, "level": 5, "parent_type": null, "parent_id": null, "tree_id": 2, "lft": 84, "type": "hammeau"}}, {"pk": 1, "model": "rapidsms.contact", "fields": {"reporting_location": 2, "name": "Sir1", "language": "", "gender": null, "birthdate": null, "user": 3, "village_name": null, "village": null, "user_permissions": [], "groups": [1], "email": "unique1"}}, {"pk": 2, "model": "rapidsms.contact", "fields": {"reporting_location": 3, "name": "Sir2", "language": "", "gender": "M", "birthdate": "2012-06-11 00:00:00", "user": null, "village_name": "", "village": null, "user_permissions": [], "groups": [1], "email": "unique2@gmail.com"}}, {"pk": 3, "model": "rapidsms.contact", "fields": {"reporting_location": 3, "name": "Wealth_field_worker1", "language": "", "gender": "F", "birthdate": "2012-06-21 16:48:04", "user": null, "village_name": "", "village": null, "user_permissions": [], "groups": [2], "email": "fabrol92@gmail.com"}}]